{"cameraMode":{"drawMode":0,"name":"Shaded","section":"Shading Mode"},"sceneLighting":false,"audioPlay":false,"sceneViewState":{"showFog":true,"showMaterialUpdate":false,"showSkybox":false,"showFlares":true,"showImageEffects":true,"showParticleSystems":true,"showVisualEffectGraphs":true,"m_FxEnabled":true},"in2DMode":false,"pivot":{"x":-0.5863836407661438,"y":-2.721825361251831,"z":2.2518222332000734},"rotation":{"x":-0.19665153324604035,"y":0.05937352403998375,"z":-0.011931256391108036,"w":-0.9786065220832825},"size":13.946372985839844,"orthographic":false}